# tos_view packet template -- GENERATED by name_fields.py, do not edit.
# Names are guesses unless the origin column says otherwise; see
# docs/14-field-names.md for what each origin is worth.
#
# P<TAB>opcode<TAB>name<TAB>size<TAB>coverage
# F<TAB>offset<TAB>type<TAB>bytes<TAB>name<TAB>fmt<TAB>origin<TAB>note
P	8	BC_COMMANDER_CREATE_SLOTID	11	exact
F	10	u8	1	f_0A			no samples
P	19	BC_LOGINOK	156	exact
F	10	u16	2	const		bytes	3 samples
F	12	f32[2]	8	vec2		bytes	3 samples
F	20	str[56]	56	text	text	bytes	3 samples
F	76	u32	4	const	hex	bytes	3 samples
F	80	str[64]	64	text	text	bytes	3 samples
F	144	u32	4	f_90			3 samples
F	148	u64	8	f_94			3 samples
P	25	BC_COMMANDER_CREATE	618	partial
F	538	u8	1	f_21A			no samples
F	542	u16	2	f_21E			no samples
P	26	BC_COMMANDER_DESTROY	11	exact
F	10	u8	1	f_0A			no samples
P	27	BC_START_GAMEOK	37	exact
F	10	u32	4	f_0A			3 samples
F	14	u32	4	f_0E			3 samples
F	18	u32	4	f_12			3 samples
F	22	u32	4	f_16			3 samples
F	26	u8	1	f_1A			3 samples
F	27	u64	8	f_1B			3 samples
F	35	u8	1	zero		bytes	3 samples
F	36	u8	1	flag	bool	bytes	3 samples
P	29	BC_MESSAGE	0	variable
F	12	u8	1	f_0C			no samples
F	13	u32	4	f_0D			no samples
F	17	bytes[36]	36	f_11			no samples
F	53	u32	4	f_35			no samples
P	3003	ZC_MOVE_ZONE	11	exact
F	10	u8	1	reason		docs/09	0 in the capture
P	3005	ZC_CONNECT_FAILED	0	variable
F	12	u32	4	f_0C			no samples
F	16	u32	4	f_10			no samples
P	3007	ZC_MOVE_ZONE_OK	69	none
F	10	u32	4	zone_id		docs/09	stored for the reconnect, NOT the map
F	14	u32	4	server_ip	ip	docs/09	
F	18	u16	2	server_port		docs/09	
F	22	u32	4	map_id		docs/09	the destination -- see the correction
F	26	f32	4	cam_x		docs/09	
F	30	f32	4	cam_y		docs/09	
F	34	f32	4	zoom_min		docs/09	
F	38	f32	4	zoom_max		docs/09	
F	42	f32	4	zoom_start		docs/09	
F	46	i32	4	unk_2E		docs/09	
F	50	i32	4	unk_32		docs/09	
F	54	i32	4	unk_36		docs/09	
F	60	u16	2	direction		docs/09	
F	62	u8	1	channel		docs/09	
F	63	u64	8	character_id	hex	docs/09	
P	3012	ZC_MESSAGE	0	variable
F	12	u8	1	f_0C			no samples
F	13	u32	4	f_0D			no samples
F	17	bytes[36]	36	f_11			no samples
F	53	u32	4	f_35			no samples
P	3014	ZC_START_GAME	51	partial
F	10	f32	4	time_factor		docs/05	
F	14	f32	4	game_start	time	docs/05	the anchor every echo sits on
F	18	f32	4	unk_12	time	docs/05	~15 s later, unexplained
F	22	u64	8	filetime	hex	docs/05	wall clock
F	30	str[0]	0	wall_clock	text	docs/05	
F	31	str[20]	20	text	text	bytes	3 samples
P	3101	ZC_ENTER_PC	623	partial
F	10	u32	4	handle	hex	ida:sub_140AC71B0	10 samples
F	14	bytes[12]	12	f_0E			10 samples
F	26	f32[2]	8	dir		bytes	10 samples
F	34	u8	1	f_22			10 samples
F	36	u64	8	f_24			10 samples
F	44	u8	1	zero		bytes	10 samples
F	45	f32	4	f_2D			10 samples
F	49	f32	4	f_31			10 samples
F	53	u64	8	f_35			10 samples
F	61	u16	2	f_3D			10 samples
F	63	u16	2	f_3F			10 samples
F	65	u64	8	zero		bytes	10 samples
F	73	u64	8	f_49			10 samples
F	81	u8	1	zero		bytes	10 samples
F	82	u8	1	f_52			10 samples
F	83	u8	1	zero		bytes	10 samples
F	84	u32	4	f_54			10 samples
F	88	u32	4	f_58			10 samples
F	92	u8	1	zero		bytes	10 samples
F	93	bytes[520]	520	f_5D			10 samples
F	613	u32	4	zero		bytes	10 samples
F	617	f32	4	server_time	time	bytes	10 samples
F	621	u8	1	zero		bytes	10 samples
F	622	u8	1	zero		bytes	10 samples
P	3102	ZC_ENTER_MONSTER	0	variable
F	12	u32	4	f_0C			176 samples
F	16	f32[2]	8	vec2		bytes	176 samples
F	24	f32	4	f_18			176 samples
F	28	f32	4	f_1C			176 samples
F	32	f32	4	f_20			176 samples
F	36	u8	1	f_24			176 samples
F	37	u8	1	flag	bool	bytes	176 samples
F	38	u32	4	f_26			176 samples
F	42	u32	4	f_2A			176 samples
F	46	u64	8	zero		bytes	176 samples
F	54	f32	4	f_36			176 samples
F	58	u32	4	f_3A			176 samples
F	82	u32	4	f_52			176 samples
F	94	bytes[1280]	1280	f_5E			176 samples
F	1374	u8	1	const		bytes	176 samples
F	1375	u8	1	zero		bytes	176 samples
F	1376	u32	4	f_560			176 samples
F	1380	u32	4	f_564			176 samples
F	1384	u8	1	zero		bytes	176 samples
F	1385	u8	1	zero		bytes	176 samples
F	1386	u8	1	flag	bool	bytes	176 samples
P	3105	ZC_ENTER_ITEM	107	exact
F	10	u32	4	f_0A			no samples
F	14	bytes[12]	12	f_0E			no samples
F	26	u64	8	f_1A			no samples
F	34	u32	4	f_22			no samples
F	38	bytes[69]	69	f_26			no samples
P	3107	ZC_MOVE_PATH	43	exact
F	10	u32	4	handle	hex	ida:sub_140AD5920	2873 samples
F	14	bytes[28]	28	f_0E			2873 samples
F	42	u8	1	zero		bytes	2873 samples
P	3108	ZC_MOVE_POS	50	partial
F	42	u32	4	f_2A			no samples
F	46	u8	1	f_2E			no samples
P	3109	ZC_MOVE_BEZIER	79	partial
F	50	bytes[12]	12	f_32			no samples
F	62	bytes[12]	12	f_3E			no samples
F	74	u8	1	f_4A			no samples
F	75	u32	4	f_4B			no samples
P	3110	ZC_MOVE_DIR	76	exact
F	10	u32	4	handle	hex	docs/02	
F	14	f32[3]	12	pos		docs/02	
F	26	f32[2]	8	dir		docs/02	
F	34	u8	1	moving	bool	docs/02	
F	35	f32	4	speed		docs/02	35.0 throughout that session, 48.0 in the 2026-08-01 one
F	39	f32	4	server_time	time	docs/02	
F	43	bytes[16]	16	zero		bytes	1151 samples
F	59	u64	8	zero		bytes	1151 samples
F	67	u32	4	stance		docs/02	zone-side, 6 while moving
F	71	u32	4	f_47			1151 samples
F	75	u8	1	one		docs/02	always 1
P	3111	ZC_EXPECTED_STOPPOS	39	partial
F	10	u32	4	handle	hex	ida:sub_140AC71B0	no samples
F	14	bytes[12]	12	f_0E			no samples
F	26	u64	8	f_1A			no samples
P	3112	ZC_MSPD	26	exact
F	10	u32	4	handle	hex	ida:sub_140AC71B0	41272 samples
F	14	f32	4	f_0E			41272 samples
F	18	u64	8	f_12			41272 samples
P	3113	ZC_MOVE_SPEED	31	exact
F	10	u32	4	handle	hex	ida:sub_140AC71B0	404 samples
F	14	f32[2]	8	vec2		bytes	404 samples
F	22	u8	1	zero		bytes	404 samples
F	23	u64	8	f_17			404 samples
P	3114	ZC_MOVE_STOP	27	partial
F	10	u32	4	handle	hex	ida:sub_140AC71B0	2901 samples
F	14	f32[2]	8	vec2		bytes	2901 samples
F	22	f32	4	f_16			2901 samples
P	3115	ZC_REST_SIT	16	exact
F	10	u32	4	handle	hex	ida:sub_140AC71B0	no samples
F	14	u8	1	f_0E			no samples
F	15	u8	1	mode		ida:cmp	no samples
P	3116	ZC_JUMP	71	partial
F	10	u32	4	handle	hex	docs/02	
F	14	f32	4	jump_power		docs/02	constant 350.0
F	18	u32	4	zero		bytes	28 samples
F	22	u8	1	zero		bytes	28 samples
F	23	f32[3]	12	pos		docs/02	
F	35	f32[2]	8	dir		docs/02	
F	43	f32	4	server_time	time	docs/02	
P	3117	ZC_JUMP_DIR	63	partial
F	10	u32	4	f_0A			no samples
F	14	bytes[12]	12	f_0E			no samples
F	26	u64	8	f_1A			no samples
F	34	u8	1	f_22			no samples
P	3119	ZC_SKILL_JUMP	42	partial
F	10	u32	4	handle	hex	ida:sub_140AD5920	no samples
F	14	u32	4	f_0E			no samples
F	18	bytes[12]	12	f_12			no samples
F	30	u64	8	f_1E			no samples
P	3120	ZC_SET_POS	27	partial
F	10	u32	4	handle	hex	census	14 samples
F	14	f32[2]	8	vec2		bytes	14 samples
F	22	f32	4	f_16			14 samples
P	3124	ZC_CHAT	0	variable
F	10	u16	2	size		docs/03	
F	12	u32	4	handle	hex	docs/03	
F	16	str[64]	64	name	text	docs/03	
F	80	str[64]	64	team_name	text	docs/03	
F	146	u16	2	class_id	hex	docs/03	
F	148	u16	2	job_id	hex	docs/03	
F	152	u8	1	channel		docs/03	8 = say
F	156	u8	1	one	bool	docs/03	
F	158	u8	1	unk_9E	hex	docs/03	0x1A observed
F	180	u32	4	unk_B4	hex	docs/03	0x03E9
F	184	u32	4	unk_B8	hex	docs/03	0x01CC
F	188	u32	4	name_colour	hex	docs/03	RGBA
F	192	u16	2	class_a	hex	docs/03	
F	194	u16	2	class_b	hex	docs/03	
F	196	u16	2	class_c	hex	docs/03	
F	212	u8	1	one_D4	bool	docs/03	
F	213	str[64]	64	balloon_skin	text	docs/03	what puts the text at 277
F	277	str[0]	0	text	text	docs/03	
P	3126	ZC_STANCE_CHANGE	18	exact
F	10	u32	4	handle	hex	ida:sub_140AC71B0	6 samples
F	14	u32	4	f_0E			6 samples
P	3127	ZC_ADD_HP	26	exact
F	10	u32	4	handle	hex	ida:sub_140AC71B0	18 samples
F	14	u32	4	f_0E			18 samples
F	18	u32	4	mode		ida:cmp	18 samples
F	22	u32	4	f_16			18 samples
P	3128	ZC_SKILL_CAST_CANCEL	14	exact
F	10	u32	4	f_0A			61 samples
P	3129	ZC_SKILL_CAST	42	exact
F	10	u32	4	f_0A			no samples
F	14	u32	4	f_0E			no samples
F	18	u32	4	f_12			no samples
F	22	u64	8	f_16			no samples
F	30	bytes[12]	12	f_1E			no samples
P	3130	ZC_SKILL_READY	54	exact
F	10	u32	4	handle	hex	ida:sub_140AD5920	22 samples
F	14	bytes[16]	16	f_0E			22 samples
F	30	bytes[12]	12	f_1E			22 samples
F	42	bytes[12]	12	f_2A			22 samples
P	3131	ZC_SKILL_DISABLE	19	partial
F	10	u32	4	handle	hex	ida:sub_140AC71B0	10 samples
F	14	u8	1	zero		bytes	10 samples
P	3132	ZC_SKILL_USE_CANCEL	14	exact
F	10	u32	4	f_0A			no samples
P	3133	ZC_SKILL_MELEE_TARGET	0	variable
F	12	u32	4	const	hex	bytes	2 samples
F	16	bytes[40]	40	f_10			2 samples
F	56	u32	4	handle	hex	census	2 samples
F	60	u8	1	flag	bool	bytes	2 samples
F	61	u32	4	f_3D			2 samples
P	3134	ZC_SKILL_MELEE_GROUND	0	variable
F	12	u32	4	f_0C			25 samples
F	16	bytes[40]	40	f_10			25 samples
F	56	bytes[12]	12	f_38			25 samples
F	68	u8	1	f_44			25 samples
F	69	u8	1	zero		bytes	25 samples
F	70	u32	4	f_46			5 samples
P	3135	ZC_SKILL_FORCE_TARGET	0	variable
F	12	u32	4	const	hex	bytes	1 samples
F	16	bytes[28]	28	const		bytes	1 samples
F	44	u32	4	const	hex	bytes	1 samples
F	56	u32	4	handle	hex	census	1 samples
F	60	bytes[12]	12	const		bytes	1 samples
F	72	u8	1	flag	bool	bytes	1 samples
F	73	u32	4	const	hex	bytes	1 samples
P	3136	ZC_SKILL_FORCE_GROUND	0	variable
F	12	u32	4	f_0C			no samples
F	16	bytes[28]	28	f_10			no samples
F	44	u32	4	f_2C			no samples
F	56	u32	4	f_38			no samples
F	60	bytes[12]	12	f_3C			no samples
F	72	bytes[12]	12	f_48			no samples
F	84	u8	1	f_54			no samples
F	85	u32	4	f_55			no samples
P	3137	ZC_SKILL_HIT_INFO	0	variable
F	12	u32	4	handle	hex	census	15 samples
F	16	u8	1	f_10			15 samples
F	17	u32	4	f_11			15 samples
P	3138	ZC_BUFF_LIST	0	variable
F	12	u32	4	handle	hex	ida:sub_140AC71B0	186 samples
F	16	u8	1	f_10			186 samples
F	17	u32	4	f_11			11 samples
P	3139	ZC_BUFF_ADD	0	variable
F	12	u32	4	handle	hex	ida:sub_140AC71B0	107 samples
F	16	u32	4	f_10			107 samples
F	20	u32	4	f_14			107 samples
P	3140	ZC_BUFF_UPDATE	0	variable
F	12	u32	4	handle	hex	ida:sub_140AC71B0	24 samples
F	16	u32	4	f_10			24 samples
F	20	u32	4	f_14			24 samples
P	3141	ZC_BUFF_REMOVE	24	exact
F	10	u32	4	handle	hex	ida:sub_140AC71B0	37 samples
F	14	u32	4	f_0E			37 samples
F	18	u8	1	zero		bytes	37 samples
F	19	u32	4	f_13			37 samples
F	23	u8	1	zero		bytes	37 samples
P	3142	ZC_BUFF_CLEAR	15	exact
F	10	u32	4	handle	hex	ida:sub_140AC71B0	60 samples
F	14	u8	1	flag	bool	bytes	60 samples
P	3145	ZC_ROTATE	28	partial
F	10	u32	4	handle	hex	docs/02	
F	14	f32[2]	8	dir		docs/02	
F	22	u8	1	one	bool	docs/02	
F	23	u8	1	flag	bool	bytes	2319 samples
P	3147	ZC_HEAD_ROTATE	23	exact
F	10	u32	4	handle	hex	ida:sub_140AD5920	1 samples
F	14	f32[2]	8	dir		bytes	1 samples
F	22	u8	1	zero		bytes	1 samples
P	3150	ZC_POSE	39	partial
F	10	u32	4	handle	hex	ida:sub_140AC71B0	no samples
F	14	u32	4	f_0E			no samples
F	38	u8	1	f_26			no samples
P	3151	ZC_DEAD	0	variable
F	12	u32	4	handle	hex	ida:sub_140AC71B0	61 samples
F	16	u8	1	zero		bytes	61 samples
F	17	u8	1	flag	bool	bytes	61 samples
F	18	u8	1	flag	bool	bytes	61 samples
F	19	u8	1	zero		bytes	61 samples
F	20	bytes[12]	12	f_14			61 samples
F	32	u32	4	zero		bytes	61 samples
F	36	u32	4	handle	hex	census	59 samples
P	3152	ZC_RESURRECT	22	exact
F	10	u32	4	handle	hex	ida:sub_140AD7290	no samples
F	14	u32	4	f_0E			no samples
F	18	u32	4	f_12			no samples
P	3153	ZC_CHANGE_RELATION	15	exact
F	10	u32	4	handle	hex	ida:sub_140AC71B0	no samples
F	14	u8	1	f_0E			no samples
P	3154	ZC_RESURRECT_DIALOG	527	exact
F	10	u32	4	f_0A			no samples
F	14	bytes[512]	512	f_0E			no samples
F	526	u8	1	f_20E			no samples
P	3158	ZC_CAUTION_DAMAGE_INFO	19	exact
F	10	bytes[5]	5	f_0A			no samples
F	15	u32	4	f_0F			no samples
P	3160	ZC_KNOCKBACK_INFO	74	exact
F	10	u32	4	f_0A			no samples
F	14	bytes[60]	60	f_0E			no samples
P	3161	ZC_KNOCKDOWN_INFO	75	exact
F	10	u32	4	f_0A			no samples
F	14	bytes[60]	60	f_0E			no samples
F	74	u8	1	f_4A			no samples
P	3163	ZC_RESURRECT_SAVE_POINT_ACK	11	exact
F	10	u8	1	f_0A			no samples
P	3164	ZC_RESURRECT_HERE_ACK	11	exact
F	10	u8	1	f_0A			no samples
P	3166	CZ_KEYBOARD_MOVE	73	none
F	22	f32[3]	12	pos		docs/02	
F	34	f32[2]	8	dir		docs/02	
F	42	f32	4	client_speed		docs/02	dropped by the zone
F	72	u8	1	moving	bool	docs/02	
P	3168	CZ_JUMP	71	none
F	23	f32[3]	12	pos		docs/02	
F	35	f32[2]	8	dir		docs/02	
P	3172	CZ_MOVE_STOP	71	none
F	23	f32[3]	12	pos		docs/02	one pad byte more than CZ_KEYBOARD_MOVE
F	35	f32[2]	8	dir		docs/02	
P	3184	CZ_ROTATE	34	none
F	26	f32[2]	8	dir		docs/02	
P	3188	CZ_CHAT	0	none
F	22	u16	2	size		docs/03	NOT at +0x0A -- see docs/07
F	24	str[0]	0	text	text	docs/03	
P	3206	ZC_ITEM_INVENTORY_LIST	0	variable
F	12	u32	4	f_0C			no samples
P	3207	ZC_ITEM_INVENTORY_DIVISION_LIST	0	variable
F	12	u32	4	f_0C			31 samples
F	16	u8	1	flag	bool	bytes	31 samples
F	17	u8	1	flag	bool	bytes	31 samples
P	3208	ZC_ITEM_INVENTORY_INDEX_LIST	0	variable
F	12	u32	4	f_0C			no samples
F	16	u32	4	f_10			no samples
P	3210	ZC_ITEM_ADD	0	variable
F	12	u64	8	f_0C			26 samples
F	20	u64	8	const	hex	bytes	26 samples
F	28	u32	4	f_1C			26 samples
F	32	u32	4	f_20			26 samples
F	36	u16	2	const		bytes	26 samples
F	38	u8	1	const		bytes	26 samples
F	39	u32	4	zero		bytes	26 samples
F	43	u8	1	zero		bytes	26 samples
F	44	u8	1	zero		bytes	26 samples
F	45	u8	1	zero		bytes	26 samples
F	46	u32	4	const	hex	bytes	26 samples
P	3211	ZC_ITEM_REMOVE	28	exact
F	10	u64	8	f_0A			no samples
F	18	u64	8	f_12			no samples
F	26	u8	1	f_1A			no samples
F	27	u8	1	f_1B			no samples
P	3212	ZC_ITEM_USE	18	exact
F	10	u32	4	handle	hex	ida:sub_140AC71B0	no samples
F	14	u32	4	f_0E			no samples
P	3215	ZC_SKILL_LIST	0	variable
F	16	u16	2	f_10			3 samples
F	18	u8	1	zero		bytes	3 samples
P	3222	ZC_EXP_UP_BY_MONSTER	38	exact
F	10	bytes[24]	24	f_0A			no samples
F	34	u32	4	handle	hex	ida:sub_140AC71B0	no samples
P	3223	ZC_PC_LEVELUP	18	exact
F	10	u32	4	handle	hex	census	2 samples
F	14	u32	4	f_0E			2 samples
P	3225	ZC_MAX_EXP_CHANGED	38	exact
F	10	u32	4	f_0A			no samples
F	14	u64	8	f_0E			no samples
F	22	u64	8	f_16			no samples
F	30	u64	8	f_1E			no samples
P	3226	ZC_TEXT	0	variable
F	12	u8	1	f_0C			no samples
F	14	u32	4	f_0E			no samples
P	3227	ZC_UPDATE_SP	19	exact
F	10	u32	4	handle	hex	ida:sub_140AC71B0	35 samples
F	14	u32	4	f_0E			35 samples
F	18	u8	1	zero		bytes	35 samples
P	3229	ZC_UPDATE_MHP	18	exact
F	10	u32	4	handle	hex	ida:sub_140AC71B0	2 samples
F	14	u32	4	f_0E			2 samples
P	3240	ZC_DIALOG_NUMBERRANGE	0	variable
F	16	bytes[16]	16	f_10			no samples
F	32	bytes[16]	16	f_20			no samples
F	48	bytes[16]	16	f_30			no samples
F	64	bytes[16]	16	f_40			no samples
F	80	bytes[16]	16	f_50			no samples
F	96	bytes[16]	16	f_60			no samples
F	112	bytes[16]	16	f_70			no samples
F	128	bytes[16]	16	f_80			no samples
F	144	u32	4	f_90			no samples
F	148	u32	4	f_94			no samples
P	3242	ZC_ADDON_MSG	0	variable
F	10	u16	2	f_0A			36 samples
F	12	u8	1	f_0C			36 samples
F	18	str[4]	4	text	text	bytes	36 samples
P	3243	ZC_ADDON_EVENT_MSG	0	variable
F	12	u8	1	f_0C			no samples
F	13	u8	1	f_0D			no samples
F	14	u8	1	f_0E			no samples
F	15	u32	4	f_0F			no samples
F	19	u32	4	f_13			no samples
P	3245	ZC_PLAY_SOUND	24	partial
F	10	u32	4	handle	hex	ida:sub_140AC71B0	no samples
F	14	u32	4	f_0E			no samples
F	18	u8	1	f_12			no samples
F	23	u8	1	f_17			no samples
P	3246	ZC_STOP_SOUND	18	exact
F	10	u32	4	handle	hex	ida:sub_140AC71B0	no samples
F	14	u32	4	f_0E			no samples
P	3247	ZC_PLAY_MUSICQUEUE	21	partial
F	14	u32	4	f_0E			no samples
F	18	u8	1	mode		ida:cmp	no samples
F	19	u8	1	f_13			no samples
F	20	u8	1	mode		ida:cmp	no samples
P	3248	ZC_STOP_MUSICQUEUE	18	partial
F	14	u32	4	f_0E			no samples
P	3249	ZC_PLAY_ANI	30	partial
F	10	u32	4	handle	hex	ida:sub_140AC71B0	4806 samples
F	14	u32	4	f_0E			4806 samples
F	18	u8	1	flag	bool	bytes	4806 samples
F	19	u8	1	zero		bytes	4806 samples
F	20	u32	4	zero		bytes	4806 samples
F	28	u8	1	flag	bool	bytes	4806 samples
F	29	u8	1	zero		bytes	4806 samples
P	3250	ZC_PLAY_FIX_ANI	34	partial
F	10	u32	4	handle	hex	ida:sub_140AC71B0	no samples
F	14	u32	4	f_0E			no samples
F	19	u8	1	mode		ida:cmp	no samples
F	20	u32	4	mode		ida:cmp	no samples
F	33	u8	1	f_21			no samples
P	3251	ZC_PLAY_ANI_SELFISH	23	exact
F	10	u32	4	handle	hex	ida:sub_140AC71B0	no samples
F	14	u32	4	f_0E			no samples
F	18	u32	4	f_12			no samples
F	22	u8	1	f_16			no samples
P	3252	ZC_CHANGE_ANI	48	exact
F	10	u32	4	handle	hex	ida:sub_140AC71B0	no samples
F	14	bytes[16]	16	f_0E			no samples
F	30	bytes[16]	16	f_1E			no samples
F	46	u8	1	f_2E			no samples
F	47	u8	1	f_2F			no samples
P	3260	ZC_PLAY_ALARMSOUND	87	exact
F	10	u32	4	handle	hex	ida:sub_140AC71B0	no samples
F	14	bytes[68]	68	f_0E			no samples
F	82	u8	1	f_52			no samples
F	83	u32	4	mode		ida:cmp	no samples
P	3262	ZC_PLAY_EXP_TEXT	18	exact
F	10	u32	4	handle	hex	ida:sub_140AC71B0	no samples
F	14	u32	4	f_0E			no samples
P	3263	ZC_PLAY_NAVI_EFFECT	154	exact
F	10	u32	4	handle	hex	ida:sub_140AC71B0	no samples
F	14	u32	4	handle	hex	ida:sub_140AC71B0	no samples
F	18	u32	4	handle	hex	ida:sub_140AC71B0	no samples
F	22	bytes[64]	64	f_16			no samples
F	86	bytes[64]	64	f_56			no samples
F	150	u32	4	f_96			no samples
P	3264	ZC_UPDATE_ALL_STATUS	34	exact
F	10	u32	4	handle	hex	ida:sub_140AC71B0	174 samples
F	14	u32	4	f_0E			174 samples
F	18	u32	4	f_12			174 samples
F	22	u32	4	f_16			174 samples
F	26	u32	4	f_1A			174 samples
F	30	u32	4	f_1E			174 samples
P	3266	ZC_DUMP_PROPERTY	0	variable
F	12	u32	4	f_0C			no samples
P	3267	ZC_SHOUT	0	variable
F	10	u16	2	f_0A			no samples
F	81	u8	1	f_51			no samples
F	82	u32	4	f_52			no samples
P	3271	ZC_EXCHANGE_REQUEST_RECEIVED	75	exact
F	10	bytes[65]	65	f_0A			no samples
P	3275	ZC_EXCHANGE_START	76	exact
F	10	bytes[65]	65	f_0A			no samples
F	75	u8	1	f_4B			no samples
P	3277	ZC_EXCHANGE_OFFER_ACK	0	variable
F	12	u8	1	f_0C			no samples
F	13	bytes[24]	24	f_0D			no samples
F	37	u16	2	f_25			no samples
F	39	u32	4	f_27			no samples
P	3279	ZC_EXCHANGE_AGREE_ACK	11	exact
F	10	u8	1	f_0A			no samples
P	3281	ZC_EXCHANGE_FINALAGREE_ACK	11	exact
F	10	u8	1	f_0A			no samples
P	3285	ZC_COOLDOWN_LIST	0	variable
F	12	u64	8	f_0C			3 samples
F	20	u32	4	zero		bytes	3 samples
F	24	u32	4	f_18			
P	3286	ZC_COOLDOWN_CHANGED	31	exact
F	10	u64	8	f_0A			no samples
F	18	u32	4	f_12			no samples
F	22	u32	4	f_16			no samples
F	26	u32	4	f_1A			no samples
F	30	u8	1	f_1E			no samples
P	3287	ZC_OVERHEAT_CHANGED	46	partial
F	10	u64	8	const	hex	bytes	6 samples
F	18	u32	4	f_12			6 samples
F	22	u32	4	f_16			6 samples
F	26	u32	4	zero		bytes	6 samples
F	34	u8	1	zero		bytes	6 samples
F	38	u32	4	zero		bytes	6 samples
F	42	u32	4	zero		bytes	6 samples
P	3401	ZC_SHOP_POINT_UPDATE	58	partial
F	22	bytes[32]	32	f_16			no samples
F	54	u32	4	f_36			no samples
P	3514	ZC_PC_MOVE_STOP	63	partial
F	10	u32	4	handle	hex	docs/02	
F	14	f32[3]	12	pos		docs/02	
F	26	u8	1	one	bool	docs/02	
F	27	f32[2]	8	dir		docs/02	
F	35	f32	4	server_time	time	docs/02	
F	39	bytes[16]	16	zero		bytes	103 samples
F	55	u64	8	zero		bytes	103 samples
P	3672	ZC_ADVENTURE_BOOK_INFO	0	variable
F	12	u32	4	f_0C			15 samples
F	16	u16	2	f_10			15 samples
F	18	u8	1	flag	bool	bytes	15 samples
F	19	u8	1	flag	bool	bytes	15 samples
F	20	u8	1	flag	bool	bytes	15 samples
F	21	u8	1	zero		bytes	15 samples
P	3684	ZC_ATTENDANCE_RECEIPT_REWARD	0	variable
F	12	bytes[16]	16	f_0C			6 samples
F	28	bytes[16]	16	f_1C			6 samples
F	44	u32	4	f_2C			6 samples
F	48	u32	4	const	hex	bytes	6 samples
F	52	u8	1	zero		bytes	6 samples
F	53	u8	1	flag	bool	bytes	6 samples
F	54	u32	4	f_36			6 samples
P	3691	ZC_COLONY_OCCUPATION_INFO	0	variable
F	12	u32	4	zero		bytes	3 samples
P	3762	ZC_ERROR_INFO	0	variable
F	12	bytes[64]	64	f_0C			no samples
F	76	u32	4	f_4C			no samples
P	3826	ZC_RESERVE_PROPERTY	0	variable
F	20	u32	4	f_14			no samples
P	3837	ZC_CASH_INVENTORY_LIST	0	variable
F	12	u32	4	f_0C			no samples
P	3851	ZC_EQUIP_GEM_INFO	0	variable
F	12	u8	1	zero		bytes	28 samples
F	13	u32	4	f_0D			28 samples
P	3877	ZC_ADDONUI_MSG	0	variable
F	10	u16	2	f_0A			no samples
F	12	u8	1	f_0C			no samples
F	13	u32	4	f_0D			no samples
F	17	u32	4	f_11			no samples
F	21	u32	4	f_15			no samples
P	3935	ZC_MYTHIC_DUNGEON_RANK_INFO	0	variable
F	12	u16	2	f_0C			no samples
F	14	u32	4	f_0E			no samples
F	22	u8	1	f_16			no samples
F	23	u32	4	f_17			no samples
F	27	u32	4	f_1B			no samples
F	31	u32	4	f_1F			no samples
P	4004	ZC_ANCIENT_CARD_ADD	0	variable
F	12	u32	4	f_0C			no samples
P	4006	ZC_ANCIENT_CARD_COMBINE	0	variable
F	12	u32	4	f_0C			no samples
P	4007	ZC_ANCIENT_CARD_EVOLVE	0	variable
F	12	u64	8	f_0C			no samples
F	20	u32	4	f_14			no samples
F	24	u32	4	f_18			no samples
F	28	u32	4	f_1C			no samples
P	4009	ZC_ANCIENT_CARD_UPDATE	0	variable
F	28	u32	4	f_1C			no samples
P	4011	ZC_ANCIENT_CARD_LOAD	0	variable
F	12	u32	4	f_0C			no samples
P	4030	ZC_UDP_MOVE_INFO	79	exact
F	10	u32	4	handle	hex	ida:sub_140AC71B0	no samples
F	14	u32	4	f_0E			no samples
F	18	u64	8	f_12			no samples
F	26	u32	4	f_1A			no samples
F	30	u64	8	f_1E			no samples
F	38	u32	4	f_26			no samples
F	42	u32	4	f_2A			no samples
F	46	u32	4	f_2E			no samples
F	50	u8	1	f_32			no samples
F	51	u32	4	f_33			no samples
F	55	bytes[16]	16	f_37			no samples
F	71	u64	8	f_47			no samples
P	4033	ZC_ADD_CHATBALLOON_SKIN	0	variable
F	12	u32	4	f_0C			no samples
F	16	bytes[16]	16	f_10			no samples
F	32	bytes[16]	16	f_20			no samples
P	4035	ZC_SET_CHATBALLOON_SKIN	34	partial
F	10	u32	4	handle	hex	ida:sub_140AC71B0	13 samples
F	14	u32	4	f_0E			13 samples
P	4047	ZC_RES_DAMAGEFONT_SKIN	30	partial
F	22	u32	4	handle	hex	ida:sub_140AC71B0	15 samples
F	26	u32	4	const	hex	bytes	15 samples
P	4050	ZC_RES_DAMAGEEFFECT_SKIN	30	partial
F	22	u32	4	handle	hex	ida:sub_140AC71B0	15 samples
F	26	u32	4	zero		bytes	15 samples
P	4059	ZC_OVERHEAT_RESET_TIME	26	exact
F	10	u64	8	const	hex	bytes	3 samples
F	18	u32	4	f_12			3 samples
F	22	str[4]	4	text	text	bytes	3 samples
P	4090	ZC_MONSTER_CANCEL_CASTING_UI	26	partial
F	22	u32	4	handle	hex	ida:sub_140AC71B0	no samples
P	4189	ZC_SET_SOUND_MUTE	16	exact
F	10	u32	4	handle	hex	ida:sub_140AC71B0	no samples
F	14	u8	1	f_0E			no samples
F	15	u8	1	f_0F			no samples
P	4190	ZC_SET_MUSIC_MUTE	16	exact
F	10	u32	4	handle	hex	ida:sub_140AC71B0	no samples
F	14	u8	1	mode		ida:cmp	no samples
F	15	u8	1	f_0F			no samples
P	4216	ZC_UPDATE_FAINT	30	exact
F	10	u32	4	handle	hex	ida:sub_140AC71B0	no samples
F	14	u64	8	f_0E			no samples
F	22	u64	8	f_16			no samples
P	4231	ZC_COOLDOWN_CHANGED_BATCH	0	variable
F	12	u64	8	const	hex	bytes	4 samples
F	20	u32	4	const	hex	bytes	4 samples
F	24	u8	1	zero		bytes	4 samples
F	25	u32	4	f_19			4 samples
